{
  "project_info": {
    "project_number": "45289060638",
    "project_id": "penpalmagicapp",
    "storage_bucket": "penpalmagicapp.appspot.com"
  },
  "client": [
    {
      "client_info": {
        "mobilesdk_app_id": "1:45289060638:android:d2fb2c3f0057a01d83f10f",
        "android_client_info": {
          "package_name": "com.example.pen_pal_magic_app"
        }
      },
      "oauth_client": [
        {
          "client_id": "45289060638-6n2t041gap5upd0546pq5r3icnjbhn89.apps.googleusercontent.com",
          "client_type": 3
        }
      ],
      "api_key": [
        {
          "current_key": "AIzaSyCs9lninJ7H2JRg4EgrhNbkYNU2jIzNAMc"
        }
      ],
      "services": {
        "appinvite_service": {
          "other_platform_oauth_client": [
            {
              "client_id": "45289060638-6n2t041gap5upd0546pq5r3icnjbhn89.apps.googleusercontent.com",
              "client_type": 3
            }
          ]
        }
      }
    }
  ],
  "configuration_version": "1"
}